REPLACE INTO `mobile_operator` (`id`, `operator_name`, `organization_header`) VALUES
	(1, 'Vodafone', 'vodafone'),
	(2, 'Orange', 'orange'),
	(3, 'Etisalat', 'etisalat');

REPLACE INTO `mobile_subscriber` (`id`, `mobile_number`) VALUES
	(1, '01000000000'),
	(2, '01000000001'),
	(3, '01000000002'),
	(4, '01000000003'),
	(5, '01000000004'),
	(6, '01000000005'),
	(7, '01000000006'),
	(8, '01000000007'),
	(9, '01000000008'),
	(10, '01000000009'),
	(11, '01000000010'),
	(12, '01000000011'),
	(13, '01000000012'),
	(14, '01000000013'),
	(15, '01000000014'),
	(16, '01000000015'),
	(17, '01000000016'),
	(18, '01000000017'),
	(19, '01000000018'),
	(20, '01000000019'),
	(21, '01000000020'),
	(22, '01000000021'),
	(23, '01000000022'),
	(24, '01000000023'),
	(25, '01000000024'),
	(26, '01000000025'),
	(27, '01000000026'),
	(28, '01000000027'),
	(29, '01000000028'),
	(30, '01000000029'),
	(31, '01000000030'),
	(32, '01000000031'),
	(33, '01000000032'),
	(34, '01000000033'),
	(35, '01000000034'),
	(36, '01000000035'),
	(37, '01000000036'),
	(38, '01000000037'),
	(39, '01000000038'),
	(40, '01000000039'),
	(41, '01000000040'),
	(42, '01000000041'),
	(43, '01000000042'),
	(44, '01000000043'),
	(45, '01000000044'),
	(46, '01000000045'),
	(47, '01000000046'),
	(48, '01000000047'),
	(49, '01000000048'),
	(50, '01000000049'),
	(51, '01000000050'),
	(52, '01000000051'),
	(53, '01000000052'),
	(54, '01000000053'),
	(55, '01000000054'),
	(56, '01000000055'),
	(57, '01000000056'),
	(58, '01000000057'),
	(59, '01000000058'),
	(60, '01000000059'),
	(61, '01000000060'),
	(62, '01000000061'),
	(63, '01000000062'),
	(64, '01000000063'),
	(65, '01000000064'),
	(66, '01000000065'),
	(67, '01000000066'),
	(68, '01000000067'),
	(69, '01000000068'),
	(70, '01000000069'),
	(71, '01000000070'),
	(72, '01000000071'),
	(73, '01000000072'),
	(74, '01000000073'),
	(75, '01000000074'),
	(76, '01000000075'),
	(77, '01000000076'),
	(78, '01000000077'),
	(79, '01000000078'),
	(80, '01000000079'),
	(81, '01000000080'),
	(82, '01000000081'),
	(83, '01000000082'),
	(84, '01000000083'),
	(85, '01000000084'),
	(86, '01000000085'),
	(87, '01000000086'),
	(88, '01000000087'),
	(89, '01000000088'),
	(90, '01000000089'),
	(91, '01000000090'),
	(92, '01000000091'),
	(93, '01000000092'),
	(94, '01000000093'),
	(95, '01000000094'),
	(96, '01000000095'),
	(97, '01000000096'),
	(98, '01000000097'),
	(99, '01000000098'),
	(100, '01000000099'),
	(101, '01000000100'),
	(102, '01100000000'),
	(103, '01100000001'),
	(104, '01100000002'),
	(105, '01100000003'),
	(106, '01100000004'),
	(107, '01100000005'),
	(108, '01100000006'),
	(109, '01100000007'),
	(110, '01100000008'),
	(111, '01100000009'),
	(112, '01100000010'),
	(113, '01100000011'),
	(114, '01100000012'),
	(115, '01100000013'),
	(116, '01100000014'),
	(117, '01100000015'),
	(118, '01100000016'),
	(119, '01100000017'),
	(120, '01100000018'),
	(121, '01100000019'),
	(122, '01100000020'),
	(123, '01100000021'),
	(124, '01100000022'),
	(125, '01100000023'),
	(126, '01100000024'),
	(127, '01100000025'),
	(128, '01100000026'),
	(129, '01100000027'),
	(130, '01100000028'),
	(131, '01100000029'),
	(132, '01100000030'),
	(133, '01100000031'),
	(134, '01100000032'),
	(135, '01100000033'),
	(136, '01100000034'),
	(137, '01100000035'),
	(138, '01100000036'),
	(139, '01100000037'),
	(140, '01100000038'),
	(141, '01100000039'),
	(142, '01100000040'),
	(143, '01100000041'),
	(144, '01100000042'),
	(145, '01100000043'),
	(146, '01100000044'),
	(147, '01100000045'),
	(148, '01100000046'),
	(149, '01100000047'),
	(150, '01100000048'),
	(151, '01100000049'),
	(152, '01100000050'),
	(153, '01100000051'),
	(154, '01100000052'),
	(155, '01100000053'),
	(156, '01100000054'),
	(157, '01100000055'),
	(158, '01100000056'),
	(159, '01100000057'),
	(160, '01100000058'),
	(161, '01100000059'),
	(162, '01100000060'),
	(163, '01100000061'),
	(164, '01100000062'),
	(165, '01100000063'),
	(166, '01100000064'),
	(167, '01100000065'),
	(168, '01100000066'),
	(169, '01100000067'),
	(170, '01100000068'),
	(171, '01100000069'),
	(172, '01100000070'),
	(173, '01100000071'),
	(174, '01100000072'),
	(175, '01100000073'),
	(176, '01100000074'),
	(177, '01100000075'),
	(178, '01100000076'),
	(179, '01100000077'),
	(180, '01100000078'),
	(181, '01100000079'),
	(182, '01100000080'),
	(183, '01100000081'),
	(184, '01100000082'),
	(185, '01100000083'),
	(186, '01100000084'),
	(187, '01100000085'),
	(188, '01100000086'),
	(189, '01100000087'),
	(190, '01100000088'),
	(191, '01100000089'),
	(192, '01100000090'),
	(193, '01100000091'),
	(194, '01100000092'),
	(195, '01100000093'),
	(196, '01100000094'),
	(197, '01100000095'),
	(198, '01100000096'),
	(199, '01100000097'),
	(200, '01100000098'),
	(201, '01100000099'),
	(202, '01100000100'),
	(203, '01200000000'),
	(204, '01200000001'),
	(205, '01200000002'),
	(206, '01200000003'),
	(207, '01200000004'),
	(208, '01200000005'),
	(209, '01200000006'),
	(210, '01200000007'),
	(211, '01200000008'),
	(212, '01200000009'),
	(213, '01200000010'),
	(214, '01200000011'),
	(215, '01200000012'),
	(216, '01200000013'),
	(217, '01200000014'),
	(218, '01200000015'),
	(219, '01200000016'),
	(220, '01200000017'),
	(221, '01200000018'),
	(222, '01200000019'),
	(223, '01200000020'),
	(224, '01200000021'),
	(225, '01200000022'),
	(226, '01200000023'),
	(227, '01200000024'),
	(228, '01200000025'),
	(229, '01200000026'),
	(230, '01200000027'),
	(231, '01200000028'),
	(232, '01200000029'),
	(233, '01200000030'),
	(234, '01200000031'),
	(235, '01200000032'),
	(236, '01200000033'),
	(237, '01200000034'),
	(238, '01200000035'),
	(239, '01200000036'),
	(240, '01200000037'),
	(241, '01200000038'),
	(242, '01200000039'),
	(243, '01200000040'),
	(244, '01200000041'),
	(245, '01200000042'),
	(246, '01200000043'),
	(247, '01200000044'),
	(248, '01200000045'),
	(249, '01200000046'),
	(250, '01200000047'),
	(251, '01200000048'),
	(252, '01200000049'),
	(253, '01200000050'),
	(254, '01200000051'),
	(255, '01200000052'),
	(256, '01200000053'),
	(257, '01200000054'),
	(258, '01200000055'),
	(259, '01200000056'),
	(260, '01200000057'),
	(261, '01200000058'),
	(262, '01200000059'),
	(263, '01200000060'),
	(264, '01200000061'),
	(265, '01200000062'),
	(266, '01200000063'),
	(267, '01200000064'),
	(268, '01200000065'),
	(269, '01200000066'),
	(270, '01200000067'),
	(271, '01200000068'),
	(272, '01200000069'),
	(273, '01200000070'),
	(274, '01200000071'),
	(275, '01200000072'),
	(276, '01200000073'),
	(277, '01200000074'),
	(278, '01200000075'),
	(279, '01200000076'),
	(280, '01200000077'),
	(281, '01200000078'),
	(282, '01200000079'),
	(283, '01200000080'),
	(284, '01200000081'),
	(285, '01200000082'),
	(286, '01200000083'),
	(287, '01200000084'),
	(288, '01200000085'),
	(289, '01200000086'),
	(290, '01200000087'),
	(291, '01200000088'),
	(292, '01200000089'),
	(293, '01200000090'),
	(294, '01200000091'),
	(295, '01200000092'),
	(296, '01200000093'),
	(297, '01200000094'),
	(298, '01200000095'),
	(299, '01200000096'),
	(300, '01200000097'),
	(301, '01200000098'),
	(302, '01200000099'),
	(303, '01200000100');

REPLACE INTO `mobile_subscriber_operator` (`id`, `current_operator_id`, `mobile_subscriber_id`, `original_operator_id`) VALUES
	(1, 1, 1, 1),
	(2, 1, 2, 1),
	(3, 1, 3, 1),
	(4, 1, 4, 1),
	(5, 1, 5, 1),
	(6, 1, 6, 1),
	(7, 1, 7, 1),
	(8, 1, 8, 1),
	(9, 1, 9, 1),
	(10, 1, 10, 1),
	(11, 1, 11, 1),
	(12, 1, 12, 1),
	(13, 1, 13, 1),
	(14, 1, 14, 1),
	(15, 1, 15, 1),
	(16, 1, 16, 1),
	(17, 1, 17, 1),
	(18, 1, 18, 1),
	(19, 1, 19, 1),
	(20, 1, 20, 1),
	(21, 1, 21, 1),
	(22, 1, 22, 1),
	(23, 1, 23, 1),
	(24, 1, 24, 1),
	(25, 1, 25, 1),
	(26, 1, 26, 1),
	(27, 1, 27, 1),
	(28, 1, 28, 1),
	(29, 1, 29, 1),
	(30, 1, 30, 1),
	(31, 1, 31, 1),
	(32, 1, 32, 1),
	(33, 1, 33, 1),
	(34, 1, 34, 1),
	(35, 1, 35, 1),
	(36, 1, 36, 1),
	(37, 1, 37, 1),
	(38, 1, 38, 1),
	(39, 1, 39, 1),
	(40, 1, 40, 1),
	(41, 1, 41, 1),
	(42, 1, 42, 1),
	(43, 1, 43, 1),
	(44, 1, 44, 1),
	(45, 1, 45, 1),
	(46, 1, 46, 1),
	(47, 1, 47, 1),
	(48, 1, 48, 1),
	(49, 1, 49, 1),
	(50, 1, 50, 1),
	(51, 1, 51, 1),
	(52, 1, 52, 1),
	(53, 1, 53, 1),
	(54, 1, 54, 1),
	(55, 1, 55, 1),
	(56, 1, 56, 1),
	(57, 1, 57, 1),
	(58, 1, 58, 1),
	(59, 1, 59, 1),
	(60, 1, 60, 1),
	(61, 1, 61, 1),
	(62, 1, 62, 1),
	(63, 1, 63, 1),
	(64, 1, 64, 1),
	(65, 1, 65, 1),
	(66, 1, 66, 1),
	(67, 1, 67, 1),
	(68, 1, 68, 1),
	(69, 1, 69, 1),
	(70, 1, 70, 1),
	(71, 1, 71, 1),
	(72, 1, 72, 1),
	(73, 1, 73, 1),
	(74, 1, 74, 1),
	(75, 1, 75, 1),
	(76, 1, 76, 1),
	(77, 1, 77, 1),
	(78, 1, 78, 1),
	(79, 1, 79, 1),
	(80, 1, 80, 1),
	(81, 1, 81, 1),
	(82, 1, 82, 1),
	(83, 1, 83, 1),
	(84, 1, 84, 1),
	(85, 1, 85, 1),
	(86, 1, 86, 1),
	(87, 1, 87, 1),
	(88, 1, 88, 1),
	(89, 1, 89, 1),
	(90, 1, 90, 1),
	(91, 1, 91, 1),
	(92, 1, 92, 1),
	(93, 1, 93, 1),
	(94, 1, 94, 1),
	(95, 1, 95, 1),
	(96, 1, 96, 1),
	(97, 1, 97, 1),
	(98, 1, 98, 1),
	(99, 1, 99, 1),
	(100, 1, 100, 1),
	(101, 1, 101, 1),
	(102, 3, 102, 3),
	(103, 3, 103, 3),
	(104, 3, 104, 3),
	(105, 3, 105, 3),
	(106, 3, 106, 3),
	(107, 3, 107, 3),
	(108, 3, 108, 3),
	(109, 3, 109, 3),
	(110, 3, 110, 3),
	(111, 3, 111, 3),
	(112, 3, 112, 3),
	(113, 3, 113, 3),
	(114, 3, 114, 3),
	(115, 3, 115, 3),
	(116, 3, 116, 3),
	(117, 3, 117, 3),
	(118, 3, 118, 3),
	(119, 3, 119, 3),
	(120, 3, 120, 3),
	(121, 3, 121, 3),
	(122, 3, 122, 3),
	(123, 3, 123, 3),
	(124, 3, 124, 3),
	(125, 3, 125, 3),
	(126, 3, 126, 3),
	(127, 3, 127, 3),
	(128, 3, 128, 3),
	(129, 3, 129, 3),
	(130, 3, 130, 3),
	(131, 3, 131, 3),
	(132, 3, 132, 3),
	(133, 3, 133, 3),
	(134, 3, 134, 3),
	(135, 3, 135, 3),
	(136, 3, 136, 3),
	(137, 3, 137, 3),
	(138, 3, 138, 3),
	(139, 3, 139, 3),
	(140, 3, 140, 3),
	(141, 3, 141, 3),
	(142, 3, 142, 3),
	(143, 3, 143, 3),
	(144, 3, 144, 3),
	(145, 3, 145, 3),
	(146, 3, 146, 3),
	(147, 3, 147, 3),
	(148, 3, 148, 3),
	(149, 3, 149, 3),
	(150, 3, 150, 3),
	(151, 3, 151, 3),
	(152, 3, 152, 3),
	(153, 3, 153, 3),
	(154, 3, 154, 3),
	(155, 3, 155, 3),
	(156, 3, 156, 3),
	(157, 3, 157, 3),
	(158, 3, 158, 3),
	(159, 3, 159, 3),
	(160, 3, 160, 3),
	(161, 3, 161, 3),
	(162, 3, 162, 3),
	(163, 3, 163, 3),
	(164, 3, 164, 3),
	(165, 3, 165, 3),
	(166, 3, 166, 3),
	(167, 3, 167, 3),
	(168, 3, 168, 3),
	(169, 3, 169, 3),
	(170, 3, 170, 3),
	(171, 3, 171, 3),
	(172, 3, 172, 3),
	(173, 3, 173, 3),
	(174, 3, 174, 3),
	(175, 3, 175, 3),
	(176, 3, 176, 3),
	(177, 3, 177, 3),
	(178, 3, 178, 3),
	(179, 3, 179, 3),
	(180, 3, 180, 3),
	(181, 3, 181, 3),
	(182, 3, 182, 3),
	(183, 3, 183, 3),
	(184, 3, 184, 3),
	(185, 3, 185, 3),
	(186, 3, 186, 3),
	(187, 3, 187, 3),
	(188, 3, 188, 3),
	(189, 3, 189, 3),
	(190, 3, 190, 3),
	(191, 3, 191, 3),
	(192, 3, 192, 3),
	(193, 3, 193, 3),
	(194, 3, 194, 3),
	(195, 3, 195, 3),
	(196, 3, 196, 3),
	(197, 3, 197, 3),
	(198, 3, 198, 3),
	(199, 3, 199, 3),
	(200, 3, 200, 3),
	(201, 3, 201, 3),
	(202, 3, 202, 3),
	(203, 2, 203, 2),
	(204, 2, 204, 2),
	(205, 2, 205, 2),
	(206, 2, 206, 2),
	(207, 2, 207, 2),
	(208, 2, 208, 2),
	(209, 2, 209, 2),
	(210, 2, 210, 2),
	(211, 2, 211, 2),
	(212, 2, 212, 2),
	(213, 2, 213, 2),
	(214, 2, 214, 2),
	(215, 2, 215, 2),
	(216, 2, 216, 2),
	(217, 2, 217, 2),
	(218, 2, 218, 2),
	(219, 2, 219, 2),
	(220, 2, 220, 2),
	(221, 2, 221, 2),
	(222, 2, 222, 2),
	(223, 2, 223, 2),
	(224, 2, 224, 2),
	(225, 2, 225, 2),
	(226, 2, 226, 2),
	(227, 2, 227, 2),
	(228, 2, 228, 2),
	(229, 2, 229, 2),
	(230, 2, 230, 2),
	(231, 2, 231, 2),
	(232, 2, 232, 2),
	(233, 2, 233, 2),
	(234, 2, 234, 2),
	(235, 2, 235, 2),
	(236, 2, 236, 2),
	(237, 2, 237, 2),
	(238, 2, 238, 2),
	(239, 2, 239, 2),
	(240, 2, 240, 2),
	(241, 2, 241, 2),
	(242, 2, 242, 2),
	(243, 2, 243, 2),
	(244, 2, 244, 2),
	(245, 2, 245, 2),
	(246, 2, 246, 2),
	(247, 2, 247, 2),
	(248, 2, 248, 2),
	(249, 2, 249, 2),
	(250, 2, 250, 2),
	(251, 2, 251, 2),
	(252, 2, 252, 2),
	(253, 2, 253, 2),
	(254, 2, 254, 2),
	(255, 2, 255, 2),
	(256, 2, 256, 2),
	(257, 2, 257, 2),
	(258, 2, 258, 2),
	(259, 2, 259, 2),
	(260, 2, 260, 2),
	(261, 2, 261, 2),
	(262, 2, 262, 2),
	(263, 2, 263, 2),
	(264, 2, 264, 2),
	(265, 2, 265, 2),
	(266, 2, 266, 2),
	(267, 2, 267, 2),
	(268, 2, 268, 2),
	(269, 2, 269, 2),
	(270, 2, 270, 2),
	(271, 2, 271, 2),
	(272, 2, 272, 2),
	(273, 2, 273, 2),
	(274, 2, 274, 2),
	(275, 2, 275, 2),
	(276, 2, 276, 2),
	(277, 2, 277, 2),
	(278, 2, 278, 2),
	(279, 2, 279, 2),
	(280, 2, 280, 2),
	(281, 2, 281, 2),
	(282, 2, 282, 2),
	(283, 2, 283, 2),
	(284, 2, 284, 2),
	(285, 2, 285, 2),
	(286, 2, 286, 2),
	(287, 2, 287, 2),
	(288, 2, 288, 2),
	(289, 2, 289, 2),
	(290, 2, 290, 2),
	(291, 2, 291, 2),
	(292, 2, 292, 2),
	(293, 2, 293, 2),
	(294, 2, 294, 2),
	(295, 2, 295, 2),
	(296, 2, 296, 2),
	(297, 2, 297, 2),
	(298, 2, 298, 2),
	(299, 2, 299, 2),
	(300, 2, 300, 2),
	(301, 2, 301, 2),
	(302, 2, 302, 2),
	(303, 1, 303, 2);


REPLACE INTO `mobile_number_porting` (`id`, `mobile_subscriber_id`, `donor_operator_id`, `recipient_operator_id`, `created_on`, `updated_on`, `status` ) VALUES
    (1, 1, 1, 2, DATE_SUB(NOW(),INTERVAL 1 DAY), NULL, 'PENDING'),
    (2, 2, 1, 2, DATE_SUB(NOW(),INTERVAL 1 MINUTE), NULL, 'PENDING'),
    (3, 3, 1, 2, DATE_SUB(NOW(),INTERVAL 2 MINUTE), NOW(), 'CANCELED'),
    (4, 4, 1, 2, DATE_SUB(NOW(),INTERVAL 1 MINUTE), NOW(), 'REJECTED'),
    (5, 303, 2, 1, DATE_SUB(NOW(),INTERVAL 1 MINUTE), NOW(), 'ACCEPTED');
